entry_id	title	performer	composer	catalog_size_mb	source_url	download_status
KR23	Harinam Japa - Hare Krishna Mahamantra	Sri Srimad Bhakti Ballabh Tirtha Goswami Maharaj	unknown	4	https://www.krishnacast.org/audio/kirtan/Harinama_Japa.mp3	not_retrieved_site_verification
KR19	RadhaKrishnaBolBol - Takes the Names of Radha Krishna	Sri Srimad Bhakti Ballabh Tirtha Goswami Maharaj	Srila Bhaktivinod Thakur	2.3	https://www.krishnacast.org/audio/kirtan/RadhaKrishnaBolBol.mp3	not_retrieved_site_verification
KR18	Akrodha Paramananda Nityananda Raya - Barsana	Sri Srimad Bhakti Ballabh Tirtha Goswami Maharaj	Locana Das Thakur	2.35	https://www.krishnacast.org/audio/kirtan/AkrodhaParamanandaNityanandaRaya.mp3	not_retrieved_site_verification
KR9	Nitayananda Kirtan - Akrodh Paramananda Nityananda Rai	Sri Srimad Bhakti Ballabh Tirtha Goswami Maharaj	Srila Narottam Das Thakur	1.69	https://www.krishnacast.org/audio/kirtan/AkrodhParmanandaNityananda.mp3	not_retrieved_site_verification
KR3	SriKrishnaChaitanyaPrabhu - Taking the names of Lord Chaitanya	Sri Srimad Bhakti Ballabh Tirtha Goswami Maharaj	Srila Narottam Das Thakur	4.3	https://www.krishnacast.org/audio/kirtan/SriKrishnaChaitanyaPrabhu-Guruji.mp3	not_retrieved_site_verification
KR55	Baladev Kirtan	Sri Srimad Bhakti Ballabh Tirtha Goswami Maharaj	Sri Srimad Bhakti Ballabh Tirtha Goswami Maharaj	0.89	https://www.krishnacast.org/audio/kirtan/Baladev%20Kirtan.mp3	not_retrieved_site_verification
KR60	Govinda Hare Gopal Hare	Sri Srimad Bhakti Ballabh Tirtha Goswami Maharaj	Sri Srimad Bhakti Ballabh Tirtha Goswami Maharaj	1.77	https://www.krishnacast.org/audio/kirtan/Govinda%20Hare%20Gopal%20Hare.mp3	not_retrieved_site_verification
KR61	Jaya Govind Jaya Gopal	Sri Srimad Bhakti Ballabh Tirtha Goswami Maharaj	Sri Srimad Bhakti Ballabh Tirtha Goswami Maharaj	2.03	https://www.krishnacast.org/audio/kirtan/Jaya%20Govinda%20Jaya%20Gopala.mp3	not_retrieved_site_verification
KR63	Kirtan In Dauji	Sri Srimad Bhakti Ballabh Tirtha Goswami Maharaj	Sri Srimad Bhakti Ballabh Tirtha Goswami Maharaj	1.53	https://www.krishnacast.org/audio/kirtan/Kirtan%20In%20Dauji.mp3	not_retrieved_site_verification
KR65	Narsingha Mantra and Kirtana	Sri Srimad Bhakti Ballabh Tirtha Goswami Maharaj	Vedas	6.28	https://www.krishnacast.org/audio/kirtan/Narasingha%20Mantra%20%26%20Kirtan.mp3	not_retrieved_site_verification
KR68	Govind Jaya Jaya Kirtan In Chandigarh	Sri Srimad Bhakti Ballabh Tirtha Goswami Maharaj	Sri Srimad Bhakti Ballabh Tirtha Goswami Maharaj	3.16	https://www.krishnacast.org/audio/kirtan/Govind%20Jaya%20Jaya%20Kirtan%20in%20Chandigarh.mp3	not_retrieved_site_verification
KR69	Jagannatha Ratha Yatra Kirtan 1997 in Puri	Sri Srimad Bhakti Ballabh Tirtha Goswami Maharaj	Vedas	2.51	https://www.krishnacast.org/audio/kirtan/Ratha%20Yatra%20Kirtan.mp3	not_retrieved_site_verification
KR75	Sri Krishnachaitanya Prabhu	Sri Srimad Bhakti Ballabh Tirtha Goswami Maharaj	Srila Bhaktivinod Thakur	6.29	https://www.krishnacast.org/audio/kirtan/Sri%20krishnachaitanya%20prabhu.mp3	not_retrieved_site_verification
KR77	Sri Radhastami Kirtan Kolkata 2005	Sri Srimad Bhakti Ballabh Tirtha Goswami Maharaj	Sri Srimad Bhakti Ballabh Tirtha Goswami Maharaj	7.48	https://www.krishnacast.org/audio/kirtan/Radhastami%20KirtanKolkata%202005.mp3	not_retrieved_site_verification
KR78	Purusottama Kirtan	Sri Srimad Bhakti Ballabh Tirtha Goswami Maharaj	Sri Srimad Bhakti Ballabh Tirtha Goswami Maharaj	3.81	https://www.krishnacast.org/audio/kirtan/Purusottama%20Kirtan.mp3	not_retrieved_site_verification
KR79	Sings the names of Gaura-hari o brother	Sri Srimad Bhakti Ballabh Tirtha Goswami Maharaj	unknown	1.23	https://www.krishnacast.org/audio/kirtan/Gaura%20Hari%20Bolo%20Bhai.mp3	not_retrieved_site_verification
KR80	Morning Prayers	Sri Srimad Bhakti Ballabh Tirtha Goswami Maharaj	unknown	4.55	https://www.krishnacast.org/audio/kirtan/Guru-Parampara%20Etc.mp3	not_retrieved_site_verification
KR83	Hari hai dayalu more	Sri Srimad Bhakti Ballabh Tirtha Goswami Maharaj	unknown	3.83	https://www.krishnacast.org/audio/kirtan/Hari%20He%20Dayal%20Mora%20Jaya%20Radhanatha.mp3	not_retrieved_site_verification
KR85	Mahamantra of 4 Yugas	Sri Srimad Bhakti Ballabh Tirtha Goswami Maharaj	unknown	2.53	https://www.krishnacast.org/audio/kirtan/Maha%20Mantra%20of%204%20Yugas%20Moscow%202002.mp3	not_retrieved_site_verification
KR90	Gurudev Kirtan	Sri Srimad Bhakti Ballabh Tirtha Goswami Maharaj	unknown	1.49	https://www.krishnacast.org/audio/kirtan/Jai%20Dao-%20Gurudev%20kirtan.mp3	not_retrieved_site_verification
KR92	Hari He Dayal More	Sri Srimad Bhakti Ballabh Tirtha Goswami Maharaj	unknown	1.84	https://www.krishnacast.org/audio/kirtan/Hari%20He%20Dayal%20More.mp3	not_retrieved_site_verification
KR94	Jaya Dhvani	Sri Srimad Bhakti Ballabh Tirtha Goswami Maharaj	Sri Srimad Bhakti Ballabh Tirtha Goswami Maharaj	0.79	https://www.krishnacast.org/audio/kirtan/Jaya%20Dhvani.mp3	not_retrieved_site_verification
KR100	Jaya Govinda Jaya Gopal 1999 Odessea	Sri Srimad Bhakti Ballabh Tirtha Goswami Maharaj	Sri Srimad Bhakti Ballabh Tirtha Goswami Maharaj	2.47	https://www.krishnacast.org/audio/kirtan/jaya%20Govinda%20Jaya%20Gopal.mp3	not_retrieved_site_verification
KR110	Karo Uchhe Sware Harinam	Sri Srimad Bhakti Ballabh Tirtha Goswami Maharaj	unknown	3.87	https://www.krishnacast.org/audio/kirtan/karo%20Uchhe%20Sware%20Harinam.mp3	not_retrieved_site_verification
KR117	Narsingha Mantra and Kirtana	Sri Srimad Bhakti Ballabh Tirtha Goswami Maharaj	Vedas	4.69	https://www.krishnacast.org/audio/kirtan/NarasinghaMantra-Kirtan.mp3	not_retrieved_site_verification
KR119	Mahamantra Kirtan With Guruji	Sri Srimad Bhakti Ballabh Tirtha Goswami Maharaj	Sri Srimad Bhakti Ballabh Tirtha Goswami Maharaj	1.83	https://www.krishnacast.org/audio/kirtan/kirtanWithGurujiInBack.mp3	not_retrieved_site_verification
KR120	Radhe Radhe Govinda - Radhastami Kirtan	Sri Srimad Bhakti Ballabh Tirtha Goswami Maharaj	Sri Srimad Bhakti Ballabh Tirtha Goswami Maharaj	4.27	https://www.krishnacast.org/audio/kirtan/Radhe%20Radhe%20Govinda%20-%20Radhastami%20Kirtan.mp3	not_retrieved_site_verification
KR122	Purushottama Kirtan Ramakrishna Vasudeva	Sri Srimad Bhakti Ballabh Tirtha Goswami Maharaj	Sri Srimad Bhakti Ballabh Tirtha Goswami Maharaj	1.87	https://www.krishnacast.org/audio/kirtan/RamaKrishna%20Vasudeva%20-%20Guruji.mp3	not_retrieved_site_verification
KR125	Vrindavana Chalo He Gopinath - Ratha Yatra 2002	Sri Srimad Bhakti Ballabh Tirtha Goswami Maharaj	unknown	0.07	https://www.krishnacast.org/audio/kirtan/Vrindavana%20Chalo%20He%20Gopinath%20Ratha%20Yatra%202002.mp3	not_retrieved_site_verification
KR126	Mahamantra With Gurudev	Sri Srimad Bhakti Ballabh Tirtha Goswami Maharaj	unknown	3.1	https://www.krishnacast.org/audio/kirtan/Mahamantra%20with%20Gurudev.mp3	not_retrieved_site_verification
KR127	Sri Krishnachaitanya daya koro morae	Sri Srimad Bhakti Ballabh Tirtha Goswami Maharaj	Srila Narottam Das Thakur	2.95	https://www.krishnacast.org/audio/kirtan/SriKrisnaChaitanyaOn%2023_04_97.mp3	not_retrieved_site_verification
KR132	Sri Krishna Chaitanya Prabhu Daya Karo More	Sri Srimad Bhakti Ballabh Tirtha Goswami Maharaj	Srila Narottam Das Thakur	1.33	https://www.krishnacast.org/audio/kirtan/SriKrishnaChaitanya.mp3	not_retrieved_site_verification
KR134	Guruji Mangalacharan	Sri Srimad Bhakti Ballabh Tirtha Goswami Maharaj	unknown	1.61	https://www.krishnacast.org/audio/kirtan/Mangalacharan.mp3	not_retrieved_site_verification
KR135	Sri Narasimhadev 2000 Moscow	Sri Srimad Bhakti Ballabh Tirtha Goswami Maharaj	unknown	10.37	https://www.krishnacast.org/audio/kirtan/Sri%20Narasimhadev%202000%20Moscow.mp3	not_retrieved_site_verification
KR136	Tumi to dayara sindhu Kirtan and explanation with mahamantra	Sri Srimad Bhakti Ballabh Tirtha Goswami Maharaj	Srila Narottam Das Thakur	1.99	https://www.krishnacast.org/audio/kirtan/TumiToDayaraSindhu.mp3	not_retrieved_site_verification
KR138	Sri Krishna Caitanya Prabhu and Jaya Dao 1997	Sri Srimad Bhakti Ballabh Tirtha Goswami Maharaj	Srila Bhaktivinod Thakur	2.95	https://www.krishnacast.org/audio/kirtan/Sri%20Krishna%20Caitanya%20Prabhu%20Jaya%20Dao.mp3	not_retrieved_site_verification
KR145	Shiksastaka	Sri Srimad Bhakti Ballabh Tirtha Goswami Maharaj	Lord Chaitanya Mahaprabhu	0.53	https://www.krishnacast.org/audio/kirtan/Shiksastaka.mp3	not_retrieved_site_verification
KR146	Narasingha Kirtan	Sri Srimad Bhakti Ballabh Tirtha Goswami Maharaj	Vedas	3.84	https://www.krishnacast.org/audio/kirtan/Narasimha%20Kirtan.mp3	not_retrieved_site_verification
KR152	Radhe Radhe Govinda - short	Sri Srimad Bhakti Ballabh Tirtha Goswami Maharaj	Sri Srimad Bhakti Ballabh Tirtha Goswami Maharaj	1.56	https://www.krishnacast.org/audio/kirtan/RadheRadheGovida-short.mp3	downloaded_verified
KR154	Radhastaka Rupa Goswami Radhastami Kolkata	Sri Srimad Bhakti Ballabh Tirtha Goswami Maharaj	Srila Rupa Goswami	1.045	https://www.krishnacast.org/audio/kirtan/radhastaka_rupagoswami_radhastami_kolkata.mp3	not_retrieved_site_verification
